className,count
no-js,6568
pf-m-redhat-font,6568
pf-c-page,6568
pf-c-page__header,6568
pf-c-page__header-brand,6568
pf-c-page__header-brand-toggle,6568
pf-c-button pf-m-plain,30474
pf-c-page__header-brand-link,6568
pf-c-brand,6568
pf-c-page__header-tools,6568
pf-l-toolbar,6139
pf-l-toolbar__group hidden-xs,6139
pf-l-toolbar__item,18417
pf-c-notification-badge pf-m-unread,12278
co-masthead-icon,6139
pf-c-app-launcher co-app-launcher,12278
pf-c-app-launcher__toggle,12278
pf-l-toolbar__group,6139
pf-l-toolbar__item visible-xs-block,12278
pf-l-toolbar__item hidden-xs,6139
co-username,6139
pf-c-page__sidebar pf-m-dark pf-m-expanded,6568
pf-c-page__sidebar-body,6568
pf-c-nav pf-m-dark,6568
oc-nav-header,6568
pf-c-dropdown,6594
pf-c-dropdown__toggle,10931
pf-c-dropdown__toggle-text,16503
pf-c-title pf-m-md,6568
oc-nav-header__icon,6568
pf-c-dropdown__toggle-icon,16503
pf-c-nav__list,6568
pf-c-nav__item,430025
pf-c-nav__link,430050
pf-c-nav__toggle,73952
pf-c-nav__subnav,73952
pf-c-nav__simple-list,73952
pf-c-nav__separator,12707
pf-c-page__main,6568
pf-c-drawer,6568
pf-c-drawer__content,6568
pf-c-page__main-section pf-m-light,6568
co-global-notifications,6568
co-global-notification,6568
co-global-notification__content,6568
co-global-notification__text,6568
odc-namespaced-page,5
co-namespace-bar,5897
co-namespace-bar__items,5516
co-namespace-selector,5520
dropdown pf-c-dropdown,9539
pf-c-dropdown__toggle pf-m-plain,8768
btn-dropdown__content-wrap,6009
btn-link__title,4
odc-namespaced-page__toolbar,2
pf-c-button pf-m-link odc-topology__shortcuts-button,1
pf-c-button__icon,78
odc-namespaced-page__content,2
loading-box loading-box__loaded,5648
odc-empty-state__title,2
co-m-nav-title,1346
co-m-pane__heading,4989
co-m-pane__name co-resource-item,4945
co-resource-item__resource-name,13972
co-catalog-page__description odc-empty-state__hint-block,2
co-hint-block,2
co-hint-block__title h4,2
co-hint-block__body,2
odc-empty-state__content,2
pf-l-gallery pf-m-gutter,2
pf-c-card pf-m-hoverable catalog-tile-pf odc-empty-state__tile,12
pf-c-card__head,12
catalog-tile-pf-icon,6
pf-c-card__actions,12
pf-c-card__header pf-c-title pf-m-md catalog-tile-pf-header,12
catalog-tile-pf-title,12
catalog-tile-pf-subtitle,12
pf-c-card__body catalog-tile-pf-body,12
catalog-tile-pf-description,12
,2467
catalog-tile-pf-icon pficon-image,2
catalog-tile-pf-icon pficon-catalog,2
catalog-tile-pf-icon fas fa-database,2
pf-c-drawer__panel,6568
pf-c-drawer__panel-body pf-m-no-padding,6568
pf-c-notification-drawer,6568
pf-c-notification-drawer__header,6568
pf-c-notification-drawer__header-title,6568
pf-c-notification-drawer__body,6568
pf-c-notification-drawer__group-list,6568
query-pf-c-notification-drawer__group,6568
pf-c-notification-drawer__group-toggle,13136
pf-c-notification-drawer__group-toggle-title,13136
pf-c-notification-drawer__group-toggle-count,13136
pf-c-badge pf-m-read,13197
pf-c-notification-drawer__group-toggle-icon,13136
fas fa-angle-right,6568
pf-c-notification-drawer__list,13136
pf-c-empty-state co-status-card__alerts-msg,4634
pf-c-title pf-m-lg,4635
pf-c-empty-state__body,4636
pf-c-empty-state__secondary,4635
query-pf-c-notification-drawer__group pf-m-expanded,6568
fas fa-angle-down,6568
pf-c-notification-drawer__list-item pf-m-hoverable pf-m-warning,13136
pf-c-notification-drawer__list-item-header,17089
pf-c-notification-drawer__list-item-header-icon,17089
pf-c-notification-drawer__list-item-header-title,17089
pf-screen-reader,17089
pf-c-notification-drawer__list-item-description,17089
pf-c-notification-drawer__list-item-timestamp,17089
pf-c-notification-drawer__header-action,6568
pf-c-nav__item pf-m-expanded pf-m-current,6406
pf-c-nav__link pf-m-current,6411
co-m-list,1273
co-m-pane__filter-bar,1863
co-m-pane__filter-bar-group,1294
co-m-primary-action,1290
pf-c-button pf-m-primary,3568
co-m-pane__filter-bar-group co-m-pane__filter-bar-group--filter,1944
has-feedback,1980
pf-c-form-control co-text-filter,1980
form-control-feedback form-control-feedback--keyboard-hint,1980
co-m-pane__body,6196
row,4663
col-xs-12,2553
co-m-table-grid co-m-table-grid--bordered,2364
pf-c-table pf-m-compact pf-m-border-rows,1023
pf-c-table__sort pf-m-selected,354
pf-c-table__sort-indicator,5416
pf-m-hidden pf-m-visible-on-sm pf-c-table__sort,193
pf-c-table__sort,324
pf-m-hidden pf-m-visible-on-lg pf-c-table__sort,242
pf-m-hidden pf-m-visible-on-2xl pf-c-table__sort,17
dropdown-kebab-pf pf-c-table__action,3804
ReactVirtualized__VirtualGrid ReactVirtualized__List pf-c-table pf-m-compact pf-m-border-rows pf-c-virtualized pf-c-window-scroller,1005
ReactVirtualized__VirtualGrid__innerScrollContainer,1005
co-resource-item,7911
sr-only,16867
co-m-resource-icon co-m-resource-project,44
pf-m-hidden pf-m-visible-on-sm,442
co-break-word co-line-clamp,10
text-muted,2253
co-icon-and-text,1601
co-icon-and-text__icon co-icon-flex-child,1511
pf-m-hidden pf-m-visible-on-lg co-break-word,34
pf-m-hidden pf-m-visible-on-2xl,42
resize-triggers,2190
expand-trigger,2190
contract-trigger,2190
co-m-nav-title co-m-nav-title--detail,228
co-search-group,61
co-type-selector co-search-group__resource,61
form-group co-search-group__filter,26
pf-c-input-group,60
span--icon__right-margin,26
pf-c-form-control,1892
form-group,523
co-search,26
pf-c-accordion pf-m-no-box-shadow co-search__accordion,26
cos-status-box,1168
cos-status-box__title,188
text-center cos-status-box__detail,407
btn-group co-search-group__resource,35
pf-c-chip-group pf-m-toolbar,35
pf-c-chip-group__label,35
pf-c-chip-group,35
pf-c-chip,35
pf-c-chip__text,35
co-m-resource-icon co-m-resource-all,70
co-search co-m-pane__body,35
co-sysevent-stream,320
co-sysevent-stream__status,320
co-sysevent-stream__timeline__btn-text,320
co-sysevent-stream__totals text-secondary,320
co-sysevent-stream__timeline,90
pf-c-button pf-m-plain co-toggle-play fa co-sysevent-stream__timeline__btn co-toggle-play--active,320
co-sysevent-stream__timeline__end-message,320
co-timestamp co-icon-and-text,2677
co-icon-and-text__icon,3040
ReactVirtualized__Grid ReactVirtualized__List,90
ReactVirtualized__Grid__innerScrollContainer,90
co-sysevent--transition,363
slide-entered slide-enter-done,266
co-sysevent co-sysevent--warning,81
co-sysevent__icon-box,363
co-sysevent-icon,363
co-sysevent__icon-line,363
co-sysevent__box,363
co-sysevent__header,363
co-sysevent__subheader,363
co-resource-item co-sysevent__resourcelink,349
co-m-resource-icon co-m-resource-horizontalpodautoscaler,42
co-resource-item co-sysevent__resourcelink hidden-xs,349
co-m-resource-icon co-m-resource-namespace,3198
co-timestamp co-icon-and-text co-sysevent__timestamp,363
co-sysevent__details,363
co-sysevent__source,363
co-sysevent__count text-secondary,114
co-sysevent__message,363
co-sysevent,282
slide-entered,93
co-m-pane__filter-bar co-m-pane__filter-bar--with-help-text,41
co-m-pane__filter-bar-group co-m-pane__filter-bar-group--help-text,41
co-help-text,44
co-external-link,85
co-m-page__body,87
co-catalog,2
co-catalog-page__description,2
co-catalog__body,2
loading-skeleton--catalog,1
skeleton-catalog--list,1
skeleton-catalog--grid,1
skeleton-catalog--tile,12
text-center,1068
pf-c-dropdown__toggle pf-m-primary,49
row-filter,363
row-filter__box row-filter__box--active,520
row-filter__number-bubble,1947
row-filter__box row-filter__box--active row-filter__box--empty,774
co-m-row-filter__controls,363
pf-c-button pf-m-link co-m-row-filter__selector,363
co-m-row-filter__items,363
col-md-3 col-sm-4 col-xs-6 pf-c-table__sort pf-m-selected,279
col-md-3 col-sm-4 col-xs-6 pf-c-table__sort,187
col-md-3 col-sm-4 hidden-xs pf-c-table__sort,279
col-lg-1 hidden-md hidden-sm hidden-xs pf-c-table__sort,187
col-md-3 hidden-sm hidden-xs pf-c-table__sort,188
col-md-3 col-sm-4 col-xs-6,898
co-m-resource-icon co-m-resource-secret,760
col-md-3 col-sm-4 col-xs-6 co-break-word,502
col-md-3 col-sm-4 hidden-xs co-break-word,898
col-lg-1 hidden-md hidden-sm hidden-xs,655
col-md-3 hidden-sm hidden-xs,582
col-lg-2 col-md-3 col-sm-4 col-xs-6 pf-c-table__sort pf-m-selected,11
col-lg-2 col-md-3 col-sm-4 col-xs-6 pf-c-table__sort,126
col-lg-2 col-md-3 col-sm-4 hidden-xs pf-c-table__sort,7
col-lg-2 col-md-3 hidden-sm hidden-xs pf-c-table__sort,122
col-lg-2 hidden-md hidden-sm hidden-xs pf-c-table__sort,285
col-lg-2 col-md-3 col-sm-4 col-xs-6,24
col-lg-2 col-md-3 col-sm-4 col-xs-6 co-break-word,465
col-lg-2 col-md-3 col-sm-4 hidden-xs,10
co-m-label-list,1675
col-lg-2 col-md-3 hidden-sm hidden-xs co-break-word,404
co-m-resource-icon co-m-resource-deployment,470
col-lg-2 hidden-md hidden-sm hidden-xs,665
col-lg-3 col-md-3 col-sm-4 col-xs-6 pf-c-table__sort pf-m-selected,26
col-lg-3 col-md-3 col-sm-4 hidden-xs pf-c-table__sort,25
col-lg-3 col-md-3 col-sm-4 col-xs-6,59
co-m-resource-icon co-m-resource-service,209
col-lg-3 col-md-3 col-sm-4 hidden-xs,57
co-text-service,144
co-m-label co-m-label--expand,1889
co-m-label__key,1888
co-m-label__eq,1860
co-m-label__value,1861
col-lg-2 col-md-3 hidden-sm hidden-xs,57
co-m-selector,565
co-truncate co-select-to-copy,74
col-lg-2 col-md-2 col-sm-4 col-xs-6 pf-c-table__sort pf-m-selected,19
col-lg-2 col-md-2 col-sm-4 hidden-xs pf-c-table__sort,156
col-lg-2 col-md-2 hidden-sm hidden-xs pf-c-table__sort,164
col-lg-2 col-md-2 col-sm-4 col-xs-6 pf-c-table__sort,23
col-lg-2 col-md-2 col-sm-4 col-xs-6,65
co-m-resource-icon co-m-resource-persistentvolume,12
col-lg-2 col-md-2 col-sm-4 hidden-xs,423
col-lg-2 col-md-2 hidden-sm hidden-xs,1096
co-m-resource-icon co-m-resource-persistentvolumeclaim,107
co-text-persistentvolume,12
col-sm-5 col-xs-6 pf-c-table__sort pf-m-selected,1
col-sm-5 col-xs-6 pf-c-table__sort,1
col-sm-2 hidden-xs pf-c-table__sort,86
hidden-sm,1
col-sm-5 col-xs-6 co-break-word,2
co-m-resource-icon co-m-resource-storageclass,51
small text-muted co-resource-item__help-text,1
col-sm-2 hidden-xs,359
pf-c-label,504
col-xs-6 col-sm-4 pf-c-table__sort pf-m-selected,49
col-xs-6 col-sm-4 pf-c-table__sort,49
col-sm-4 hidden-xs pf-c-table__sort,51
col-xs-6 col-sm-4,93
co-m-resource-icon co-m-resource-clustertask,16
col-xs-6 col-sm-4 co-break-word,93
col-sm-4 hidden-xs,99
monitoring-header-link,5
co-m-horizontal-nav__menu,3712
co-m-horizontal-nav__menu-item co-m-horizontal-nav-item--active,4402
co-m-horizontal-nav__menu-item,10046
row-filter__box,107
col-sm-7 col-xs-8 pf-c-table__sort pf-m-selected,2
col-sm-3 col-xs-4 pf-c-table__sort,2
col-sm-7 col-xs-8,5
co-m-resource-icon co-m-resource-alert,3
monitoring-description,5
col-sm-3 col-xs-4,3
text-muted monitoring-timestamp,5
col-sm-2 hidden-xs co-truncate,3
alert-firing,4
co-actions,3526
co-actions-menu pf-c-dropdown,3525
pf-c-button pf-m-link pf-m-link--align-right query-browser__toggle-graph,4
query-browser__wrapper graph-empty-state,1
pf-c-empty-state,2
pf-c-empty-state__icon,1
pf-c-title,1
query-browser__controls,4
query-browser__controls--left,4
query-browser__controls--right,4
pf-c-form__group pf-m-action pf-c-form pf-c-form__group--no-top-margin,1
pf-c-form__actions,2329
pf-c-button pf-m-secondary query-browser__inline-control,1
query-browser__table query-browser__table--expanded,1
query-browser__query-controls,1
pf-c-button pf-m-plain query-browser__expand-button,1
query-browser__expand-icon,1
query-browser__query pf-c-dropdown,1
pf-c-form-control query-browser__query-input,1
pf-c-button pf-m-plain query-browser__clear-icon,1
pf-c-switch,7
pf-c-switch__input,7
pf-c-switch__toggle,7
pf-c-switch__toggle-icon,1
dropdown-kebab-pf,595
col-md-4 col-sm-4 col-xs-8 pf-c-table__sort pf-m-selected,1
col-md-3 col-sm-4 col-xs-4 pf-c-table__sort,1
col-md-2 col-sm-4 hidden-xs pf-c-table__sort,1
col-md-4 col-sm-4 col-xs-8,6
co-m-resource-icon co-m-resource-node,157
col-md-3 col-sm-4 col-xs-4,6
col-md-2 col-sm-4 hidden-xs,6
co-m-resource-icon co-m-resource-machine,25
pf-m-hidden pf-m-visible-on-md pf-c-table__sort,3
pf-m-hidden pf-m-visible-on-xl pf-c-table__sort,280
co-break-word,4116
pf-m-hidden pf-m-visible-on-md,7
pf-m-hidden pf-m-visible-on-lg,828
pf-m-hidden pf-m-visible-on-xl,597
col-sm-4 col-xs-6 pf-c-table__sort pf-m-selected,61
col-sm-4 col-xs-6 pf-c-table__sort,61
col-sm-4 col-xs-6,263
co-m-resource-icon co-m-resource-machineset,7
col-sm-4 col-xs-6 co-break-word,261
col-lg-3 col-md-4 col-sm-6 hidden-xs pf-c-table__sort,2
col-lg-3 col-md-3 hidden-sm hidden-xs pf-c-table__sort,22
col-lg-2 col-md-2 col-sm-2 col-xs-6 pf-c-table__sort,2
co-m-resource-icon co-m-resource-machineconfig,26
col-lg-3 col-md-4 col-sm-6 hidden-xs co-break-word,12
col-lg-3 col-md-3 hidden-sm hidden-xs,58
col-lg-2 hidden-md hidden-sm hidden-xs co-break-word,408
col-lg-2 col-md-2 col-sm-2 col-xs-6,12
col-lg-4 col-xs-6 pf-c-table__sort pf-m-selected,1
col-lg-5 hidden-md hidden-sm hidden-xs pf-c-table__sort,1
col-lg-1 col-sm-2 col-xs-3,4
col-lg-1 col-sm-2 hidden-xs,3
col-lg-4 col-xs-6 co-break-word,2
co-m-resource-icon co-m-resource-machineconfigpool,4
col-lg-5 hidden-md hidden-sm hidden-xs co-break-word,2
col-lg-1 col-sm-2 col-xs-3 co-truncate,2
co-m-resource-icon co-m-resource-user,2
col-md-2 hidden-sm hidden-xs pf-c-table__sort,37
co-m-resource-icon co-m-resource-serviceaccount,222
col-md-2 hidden-sm hidden-xs,164
co-resource-item co-resource-item__resource-name,396
co-m-resource-icon co-m-resource-clusterrolebinding,380
co-m-resource-icon co-m-resource-clusterrole,708
col-xs-6 pf-c-table__sort pf-m-selected,33
col-xs-6 pf-c-table__sort,33
col-xs-6,644
col-xs-6 co-break-word,297
co-m-horizontal-nav,3790
co-m-pane__body-group,904
co-detail-table co-detail-table--lg,1
co-detail-table__row row,61
co-detail-table__section col-sm-4 col-md-3,1
co-m-pane__details,2195
co-detail-table__section-header,189
pf-c-button pf-m-link pf-m-inline,6783
co-icon-space-l pf-c-button-icon--plain,1602
co-detail-table__section col-sm-4 col-md-4,2
co-select-to-copy,1
co-break-all co-select-to-copy,642
co-m-resource-icon co-m-resource-clusterversion,3
co-icon-space-r,1026
co-section-heading,3624
co-table-container,372
table,183
pf-m-hidden pf-m-visible-on-lg pf-u-w-16-on-lg pf-c-table__sort,1
pf-m-hidden pf-m-visible-on-lg pf-u-w-16-on-lg,10
co-text-namespace,32
col-lg-3 col-md-4 col-sm-4 col-xs-6 pf-c-table__sort pf-m-selected,1
col-lg-3 col-md-4 col-sm-4 col-xs-6 pf-c-table__sort,1
col-lg-3 col-md-4 col-sm-4 col-xs-6,9
co-m-resource-icon co-m-resource-customresourcedefinition,153
col-lg-3 col-md-4 col-sm-4 col-xs-6 co-break-word,9
co-m-nav-title co-m-nav-title--detail co-m-nav-title--breadcrumbs,3386
pf-l-split,4558
pf-l-split__item pf-m-fill,4500
pf-c-breadcrumb,3666
pf-c-breadcrumb__list,3666
pf-c-breadcrumb__item,7546
pf-c-breadcrumb__link,3880
pf-c-breadcrumb__item-divider,3880
co-m-resource-icon co-m-resource-oauth co-m-resource-icon--lg,1
co-m-page__body co-m-config.openshift.io~v1~OAuth,1
pf-c-button pf-m-plain co-m-pane__details-popover-button,9060
co-m-pane__explanation co-m-pane__explanation--alt,1
co-m-pane__dropdown,1
odc-namespaced-page__content is-light,3
overview,1
overview__main-column,1
overview__main-column-section,1
co-m-pane,1
btn-group,258
co-m-pane__body co-m-pane__body--no-top-margin,1
pf-c-form,2055
pf-c-form co-m-pane__form,6
odc-form-section__heading,10
pf-c-form__group,128
pf-c-form__label,48
pf-c-form__label-text,48
pf-c-form__label-required,40
pf-c-expandable,34
pf-c-expandable__toggle,34
pf-c-expandable__toggle-icon,34
pf-c-expandable__content,34
pf-c-form__helper-text,11
dropdown pf-c-dropdown dropdown--full-width,93
btn-dropdown__item--placeholder,1
odc-builder-image-selector,1
pf-c-card odc-builder-image-card,11
pf-c-card__header pf-c-title pf-m-md,66
odc-builder-image-card__icon,11
pf-c-card__body,66
odc-builder-image-card__title,11
pf-l-split pf-m-gutter,59
pf-l-split__item odc-form-section__heading,1
pf-l-split__item,1121
pf-c-alert pf-m-inline pf-m-info,1
pf-c-alert__icon,65
pf-c-alert__title,65
pf-u-screen-reader,65
pf-c-form__group odc-radio-button,3
pf-c-radio,6
pf-c-radio__input,6
pf-c-radio__label,6
odc-radio-button__children,5
odc-resource-section__help-text,4
pf-c-check,7
pf-c-check__input,7
pf-c-check__label,7
co-m-btn-bar,149
pf-c-form__group pf-m-action pf-c-form,149
pf-c-button pf-m-secondary,3448
pf-c-form co-deploy-image,1
help-block,1308
co-catalog-page,1
co-catalog-page__tabs,1
vertical-tabs-pf restrict-tabs active-tab,1
vertical-tabs-pf-tab active shown text-capitalize co-catalog-tab__empty,1
vertical-tabs-pf-tab text-capitalize co-catalog-tab__empty,22
vertical-tabs-pf restrict-tabs,4
filter-panel-pf,1
filter-panel-pf-category,1
pf-c-form__fieldset checkbox filter-panel-pf-category-items,1
filter-panel-pf-category-title,1
filter-panel-pf-category-item,5
item-count,5
co-catalog-page__content,1
co-catalog-page__header,1
co-catalog-page__heading text-capitalize,1
co-catalog-page__filter,1
co-catalog-page__input pf-c-form-control,1
co-catalog-page__btn-group__group-by,1
co-catalog-page__num-items,1
pf-c-button pf-m-link,90
monaco-colors,2039
co-file-dropzone,2039
yaml-editor__header,876
yaml-editor__header-text,876
co-p-has-sidebar,2039
co-p-has-sidebar__body,2039
yaml-editor,2039
yaml-editor__links,2039
yaml-editor__link,3105
co-icon-space-r co-p-has-sidebar__sidebar-link-icon,3105
react-monaco-editor-container showUnused,2039
monaco-editor vs-dark focused,2039
overflow-guard,2039
margin,2039
glyph-margin,2039
margin-view-zones,2039
margin-view-overlays focused,2039
current-line,4078
line-numbers lh-odd,18714
monaco-scrollable-element editor-scrollable vs-dark,2039
lines-content monaco-editor-background,2039
view-overlays focused,2039
view-rulers,2039
view-zones,2039
view-lines,2039
view-line,18714
contentWidgets,2039
lightbulb-glyph,2039
cursors-layer cursor-line-style cursor-solid,2039
cursor,2039
invisible scrollbar horizontal,2549
slider,8154
decorationsOverviewRuler,2039
invisible scrollbar vertical,2190
inputarea,2039
overlayWidgets,2039
accessibilityHelpWidget,2039
minimap slider-mouseover,2039
minimap-shadow-hidden,511
minimap-slider,2039
minimap-slider-horizontal,2039
overflowingContentWidgets,2039
monaco-editor rename-box,2039
rename-input,2039
context-view monaco-builder-hidden,2039
yaml-editor__buttons,2039
pf-c-form__group pf-m-action pf-c-form__group--no-top-margin,2039
monaco-aria-container,2039
monaco-alert,2039
monaco-status,2039
pf-c-button pf-m-secondary co-alert-manager-config__edit-alert-routing-btn,1
col-sm-6,781
co-m-pane__filter-bar co-m-pane__filter-bar--alt,41
pf-c-alert pf-m-inline pf-m-info co-alert co-alert--scrollable,2
pf-c-alert__description,62
co-pre-line,8
col-lg-3 col-md-3 col-sm-6 col-xs-6 pf-c-table__sort pf-m-selected,1
col-lg-3 col-md-3 hidden-sm hidden-xs text-center,2
col-lg-6 col-md-6 col-sm-6 col-xs-6,2
col-lg-3 col-md-3 col-sm-6 col-xs-6,1
co-icon-space-r pf-c-button-icon--plain,1
co-m-resource-icon co-m-resource-horizontalpodautoscaler co-m-resource-icon--lg,17
co-m-page__body co-m-autoscaling~v2beta2~HorizontalPodAutoscaler,8
row co-m-table-grid__head,480
col-xs-4 col-sm-2 col-md-2,1632
hidden-xs hidden-sm col-md-2,816
col-xs-4 col-sm-3 col-md-2,816
hidden-xs col-sm-5 col-md-4,203
co-m-table-grid__body,480
hidden-xs col-sm-5 col-md-4 co-break-word co-pre-line,613
co-m-resource-icon co-m-resource-namespace co-m-resource-icon--lg,88
co-resource-item__resource-status hidden-xs,597
pf-c-badge pf-m-read co-resource-item__resource-status-badge,597
co-m-page__body co-m-Namespace,88
col-sm-6 col-xs-12,66
col-md-6 col-sm-12,160
graph-wrapper graph-wrapper__horizontal-bar,403
graph-title,403
text-secondary,85
cldr folding,5866
cigr,16398
mtk26,18008
mtk1,29077
mtk22,13677
invisible scrollbar horizontal fade,1377
invisible scrollbar vertical fade,1738
monaco-editor-hover hidden,4076
minimap-shadow-visible,1528
monaco-scrollable-element,2038
monaco-editor-hover-content,2038
shadow,4076
shadow top-left-corner,2038
pf-c-button pf-m-secondary pf-c-button--align-right hidden-sm hidden-xs,2038
co-p-has-sidebar__sidebar co-p-has-sidebar__sidebar--bordered hidden-sm hidden-xs,690
pf-c-button pf-m-plain co-p-has-sidebar__sidebar-close,690
co-p-has-sidebar__sidebar-heading text-capitalize,690
co-m-horizontal-nav__menu co-m-horizontal-nav__menu--within-sidebar,690
co-break-word co-pre-wrap,3931
Linkify,3931
co-resource-sidebar-list,690
co-resource-sidebar-item,3393
co-resource-sidebar-item__header co-break-word,3393
mtk16,355
co-m-resource-icon co-m-resource-secret co-m-resource-icon--lg,688
co-action-buttons,683
pf-c-button pf-m-primary co-action-buttons__btn,683
co-m-page__body co-m-Secret,688
pf-c-button pf-m-link pf-m-link--align-right,381
secret-data,368
co-copy-to-clipboard,1165
co-pre-wrap co-copy-to-clipboard__text,1165
pf-c-button pf-m-plain co-copy-to-clipboard__btn pf-c-clipboard-copy__group-copy,1165
mtk9,118
co-m-page__body co-m-HorizontalPodAutoscaler,9
co-timestamp,156
col-xs-3,281
small text-muted,3
co-m-resource-icon co-m-resource-deployment co-m-resource-icon--lg,330
co-m-page__body co-m-Deployment,330
co-m-pane__heading co-m-pane__heading--center,188
co-m-resource-icon co-m-resource-service co-m-resource-icon--lg,139
co-m-page__body co-m-Service,139
service-ips,102
row co-ip-header,101
rows,101
co-ip-row,116
ip-name,51
ip-desc,51
col-xs-3 co-text-service,130
col-xs-3 co-text-pod,65
co-m-resource-icon co-m-resource-pod,658
co-m-pane__body co-m-pane__form,74
co-m-pane__heading co-m-pane__heading--baseline,71
co-m-pane__name,71
co-m-pane__heading-link,71
co-m-pane__explanation,67
co-create-route,36
form-group co-create-route__name,36
co-required,229
form-group co-create-route__hostname,36
form-group co-create-route__path,36
form-group co-create-route__service,36
form-group co-create-route__target-port,36
control-label,103
checkbox,70
co-m-resource-icon co-m-resource-persistentvolume co-m-resource-icon--lg,5
co-m-page__body co-m-PersistentVolume,5
co-m-resource-icon co-m-resource-persistentvolumeclaim co-m-resource-icon--lg,30
co-m-page__body co-m-PersistentVolumeClaim,30
co-text-persistentvolumeclaim,18
co-m-resource-icon co-m-resource-apimanager,36
mtk22 detected-link,114
control-label co-required,107
co-form-subsection,89
co-storage-class-dropdown,33
radio-inline,36
radio-inline co-disabled,66
form-checkbox,34
odc-pipeline-builder-page,34
pf-l-stack odc-pipeline-builder-form,34
pf-l-stack__item,34
odc-pipeline-builder-header,34
pf-l-flex odc-pipeline-builder-header__content,34
pf-m-grow,34
odc-pipeline-builder-header__title,34
pf-l-stack__item pf-m-fill odc-pipeline-builder-form__content,34
pf-c-form odc-pipeline-builder-form__grid,34
odc-pipeline-builder-form__short-section,34
odc-pipeline-topology-graph,42
topology-visualization-surface,42
topology-visualization-surface__svg,42
odc-task-list-node,34
odc-task-list-node__trigger-background,34
pf-c-button pf-m-control odc-task-list-node__trigger,34
odc-multi-column-field__empty-message,77
odc-sidebar odc-sidebar__content,34
cdr squiggly-warning,541
visible scrollbar horizontal,151
visible scrollbar vertical,149
co-m-resource-icon co-m-resource-clustertask co-m-resource-icon--lg,17
co-m-page__body co-m-tekton.dev~v1alpha1~ClusterTask,17
co-m-resource-icon co-m-resource-config,15
row-filter__box row-filter__box--empty,546
co-m-resource-icon co-m-resource-silence,2
monitoring-label-list,2
co-text-silence,4
col-sm-3 col-xs-4 co-break-word,2
co-m-resource-icon co-m-resource-alert co-m-resource-icon--lg,3
col-sm-12,6
co-m-resource-icon co-m-resource-alertrule,3
co-m-resource-icon co-m-resource-machine co-m-resource-icon--lg,15
co-m-page__body co-m-machine.openshift.io~v1beta1~Machine,15
co-text-machine,32
pf-c-list co-detail-property-list,6
co-detail-property-list__item-title,18
co-m-resource-icon co-m-resource-node co-m-resource-icon--lg,4
co-m-page__body co-m-Node,4
col-md-12 col-lg-4,268
pf-c-chart,436
col-md-6 col-xs-12,2
co-text-node,13
text-capitalize,1
text-uppercase,1
table table--layout-fixed,83
col-sm-10 col-xs-9,1
col-sm-2 col-xs-3,10
co-clusterserviceversion-link,53
co-clusterserviceversion-logo,299
co-clusterserviceversion-logo__icon,299
co-catalog-item-icon__img co-catalog-item-icon__img--large,299
co-clusterserviceversion-logo__name,299
co-clusterserviceversion-logo__name__clusterserviceversion,299
co-clusterserviceversion-logo__name__provider text-muted,292
co-clusterserviceversion-row__status,53
pf-m-hidden pf-m-visible-on-sm pf-u-w-16-on-lg pf-c-table__sort,120
pf-m-hidden pf-m-visible-on-sm pf-u-w-16-on-lg,509
co-text-deployment,185
co-m-requirement,446
co-m-requirement__link co-text-pod,340
co-m-requirement__icon co-icon-flex-child,446
co-m-requirement__label,446
pf-m-hidden pf-m-visible-on-lg pf-u-w-10-on-lg pf-u-w-8-on-xl pf-c-table__sort,184
pf-m-hidden pf-m-visible-on-2xl pf-u-w-8-on-2xl pf-c-table__sort,184
pf-m-hidden pf-c-table__sort,368
pf-m-hidden pf-m-visible-on-2xl pf-u-w-10-on-2xl pf-c-table__sort,184
pf-m-hidden pf-m-visible-on-lg pf-u-w-10-on-lg pf-u-w-8-on-xl,318
pf-m-hidden pf-m-visible-on-2xl pf-u-w-8-on-2xl,318
co-m-resource-icon co-m-resource-replicaset,430
pf-m-hidden,636
pf-m-hidden pf-m-visible-on-2xl pf-u-w-10-on-2xl,318
co-m-resource-icon co-m-resource-configmap,293
co-text-replicaset,449
graph-bar__label,77
graph-bar__chart,77
co-m-resource-icon co-m-resource-machineset co-m-resource-icon--lg,14
co-m-page__body co-m-machine.openshift.io~v1beta1~MachineSet,14
co-detail-table,60
co-detail-table__section,18
co-detail-table__section co-detail-table__section--last,6
co-text-machineset,4
co-m-requirement__link co-text-machine.openshift.io~v1beta1~machine,4
co-m-resource-icon co-m-resource-machineconfig co-m-resource-icon--lg,28
co-m-page__body co-m-machineconfiguration.openshift.io~v1~MachineConfig,28
co-text-machineconfig,8
co-m-resource-icon co-m-resource-controllerconfig,5
co-m-resource-icon co-m-resource-image,4
co-m-resource-icon co-m-resource-machineconfigpool co-m-resource-icon--lg,5
co-m-page__body co-m-machineconfiguration.openshift.io~v1~MachineConfigPool,5
co-text-machineconfigpool,3
co-m-requirement__link co-text-machineconfiguration.openshift.io~v1~machineconfig,2
co-m-resource-icon co-m-resource-user co-m-resource-icon--lg,3
co-m-page__body co-m-user.openshift.io~v1~User,3
co-m-resource-icon co-m-resource-serviceaccount co-m-resource-icon--lg,298
co-m-page__body co-m-ServiceAccount,298
co-m-pane__body co-m-pane__body--section-heading,154
co-m-pane__body-group co-m-pane__form,29
co-form-section__label,88
radio,91
co-m-radio-desc text-muted,4
co-form-section__separator,118
co-m-resource-icon co-m-resource-clusterrolebinding co-m-resource-icon--lg,55
co-m-page__body co-m-ClusterRoleBinding,55
co-m-resource-icon co-m-resource-clusterrole co-m-resource-icon--lg,85
co-m-page__body co-m-ClusterRole,85
co-m-table-grid co-m-table-grid--bordered rbac-rules-list,40
col-xs-5 col-sm-4 col-md-3 col-lg-2,613
hidden-xs col-sm-4 col-md-3 col-lg-3,613
col-xs-7 col-sm-4 col-md-6 col-lg-7,613
row co-resource-list__item,595
rbac-rule,573
rbac-rule-row,2137
rbac-rule-resources,573
rbac-rule-resource rbac-rule-row,1070
co-m-resource-icon co-m-resource-tokenreview,3
rbac-rule-resource__label,1046
co-m-resource-icon co-m-resource-subjectaccessreview,5
co-m-resource-icon co-m-resource-projectrequest,2
co-m-resource-icon co-m-resource-selfsubjectrulesreview,1
co-m-resource-icon co-m-resource-selfsubjectaccessreview,1
co-m-resource-icon co-m-resource-credentialsrequest,3
co-m-resource-icon co-m-resource-event,22
co-m-resource-icon co-m-resource-dns,6
co-m-resource-icon co-m-resource-infrastructure,2
co-m-resource-icon co-m-resource-clusteroperator,8
co-text-clusterrolebinding,38
co-m-resource-icon co-m-resource-subscription,127
co-m-resource-icon co-m-resource-catalogsource,74
co-m-resource-icon co-m-resource-clusterserviceversion,217
co-m-resource-icon co-m-resource-installplan,70
co-m-resource-icon co-m-resource-operatorgroup,3
co-m-resource-icon co-m-resource-packagemanifest,25
co-m-resource-icon co-m-resource-api,7
co-m-resource-icon co-m-resource-binding,10
co-m-resource-icon co-m-resource-etcdbackup,7
co-m-resource-icon co-m-resource-etcdcluster,28
co-m-resource-icon co-m-resource-etcdrestore,7
co-m-resource-icon co-m-resource-infinispan,6
co-m-resource-icon co-m-resource-job,17
co-m-resource-icon co-m-resource-kafkabridge,7
co-m-resource-icon co-m-resource-kafkaconnect,7
co-m-resource-icon co-m-resource-kafkaconnects2i,7
co-m-resource-icon co-m-resource-kafkamirrormaker,7
co-m-resource-icon co-m-resource-kafka,8
co-m-resource-icon co-m-resource-kafkatopic,9
co-m-resource-icon co-m-resource-kafkauser,7
co-m-resource-icon co-m-resource-keycloakbackup,7
co-m-resource-icon co-m-resource-keycloakclient,7
co-m-resource-icon co-m-resource-keycloakrealm,7
co-m-resource-icon co-m-resource-keycloak,8
co-m-resource-icon co-m-resource-keycloakuser,7
co-m-resource-icon co-m-resource-kogitoapp,17
co-m-resource-icon co-m-resource-kogitodataindex,5
co-m-resource-icon co-m-resource-kogitoinfra,5
co-m-resource-icon co-m-resource-kogitojobsservice,5
co-m-resource-icon co-m-resource-limit,6
co-m-resource-icon co-m-resource-mappingrule,6
co-m-resource-icon co-m-resource-metric,7
co-m-resource-icon co-m-resource-nexus,29
co-m-resource-icon co-m-resource-nfsserver,4
co-m-resource-icon co-m-resource-plan,6
co-m-resource-icon co-m-resource-imagestreamimage,3
co-m-resource-icon co-m-resource-imagestreammapping,3
co-m-resource-icon co-m-resource-imagestream,38
co-m-resource-icon co-m-resource-imagestreamtag,142
co-m-resource-icon co-m-resource-imagetag,3
co-m-resource-icon co-m-resource-imagestreamimport,1
co-m-resource-icon co-m-resource-robincluster,4
co-m-resource-icon co-m-resource-storagecluster,4
co-m-resource-icon co-m-resource-storagenode,4
co-m-resource-icon co-m-resource-storageoscluster,7
co-m-resource-icon co-m-resource-storageosupgrade,4
co-m-resource-icon co-m-resource-endpoints,21
co-m-resource-icon co-m-resource-replicationcontroller,42
co-m-resource-icon co-m-resource-daemonset,157
co-m-resource-icon co-m-resource-statefulset,55
co-m-resource-icon co-m-resource-cronjob,13
co-m-resource-icon co-m-resource-ingress,22
co-m-resource-icon co-m-resource-networkpolicy,11
co-m-resource-icon co-m-resource-poddisruptionbudget,9
co-m-resource-icon co-m-resource-build,29
co-m-resource-icon co-m-resource-buildconfig,32
co-m-resource-icon co-m-resource-jenkins,4
co-m-resource-icon co-m-resource-deploymentconfig,65
co-m-resource-icon co-m-resource-deploymentconfigrollbacks,1
co-m-resource-icon co-m-resource-appliedclusterresourcequota,2
co-m-resource-icon co-m-resource-route,50
co-m-resource-icon co-m-resource-processedtemplates,3
co-m-resource-icon co-m-resource-templateconfigs,3
co-m-resource-icon co-m-resource-templateinstance,3
co-m-resource-icon co-m-resource-template,4
co-m-resource-icon co-m-resource-buildlogs,3
co-m-resource-icon co-m-resource-resourcequotausages,2
co-m-resource-icon co-m-resource-condition,3
co-m-resource-icon co-m-resource-pipelineresource,7
co-m-resource-icon co-m-resource-pipelinerun,15
co-m-resource-icon co-m-resource-pipeline,12
co-m-resource-icon co-m-resource-taskrun,11
co-m-resource-icon co-m-resource-task,7
co-m-resource-icon co-m-resource-eventlistener,3
co-m-resource-icon co-m-resource-triggerbinding,3
co-m-resource-icon co-m-resource-triggertemplate,3
co-m-resource-icon co-m-resource-tenant,6
co-m-resource-icon co-m-resource-limitrange,3
co-m-resource-icon co-m-resource-resourcequota,5
co-m-resource-icon co-m-resource-controllerrevision,2
co-m-resource-icon co-m-resource-rolebinding,77
co-m-resource-icon co-m-resource-role,48
co-m-resource-icon co-m-resource-localresourceaccessreview,1
co-m-resource-icon co-m-resource-localsubjectaccessreview,2
co-m-resource-icon co-m-resource-subjectrulesreview,1
co-m-resource-icon co-m-resource-resourceaccessreview,1
co-m-resource-icon co-m-resource-podsecuritypolicyreview,1
co-m-resource-icon co-m-resource-podsecuritypolicyselfsubjectreview,1
co-m-resource-icon co-m-resource-podsecuritypolicysubjectreview,1
co-m-resource-icon co-m-resource-rolebindingrestriction,1
col-md-3 col-sm-3 col-xs-6 pf-c-table__sort pf-m-selected,1
col-md-2 col-sm-3 col-xs-6 pf-c-table__sort,3
col-md-3 col-sm-3 hidden-xs pf-c-table__sort,5
col-md-4 col-sm-3 hidden-xs,1
col-md-3 col-sm-3 col-xs-6,6
col-md-2 col-sm-3 col-xs-6,10
col-md-3 col-sm-3 hidden-xs,10
col-md-4 col-sm-3 hidden-xs co-break-word co-pre-line,6
co-m-pane__fiter-bar-group co-m-pane__filter-bar-group--filter,1
col-xs-10 col-sm-4,18
hidden-xs col-sm-7,18
co-line-clamp,17
co-m-resource-icon co-m-resource-clusterversion co-m-resource-icon--lg,2
co-m-page__body co-m-config.openshift.io~v1~ClusterVersion,2
co-m-resource-icon co-m-resource-customresourcedefinition co-m-resource-icon--lg,149
co-m-page__body co-m-CustomResourceDefinition,149
co-text-customresourcedefinition,17
co-m-resource-icon co-m-resource-oauth,1
form-group co-m-pane__dropdown,2
co-action-divider,1067
co-external-link co-external-link--block,37
col-lg-2 col-md-2 col-sm-4 col-xs-6 co-break-word,40
col-sm-3 col-xs-6 pf-c-table__sort pf-m-selected,15
col-sm-3 col-xs-6 pf-c-table__sort,15
col-sm-3 hidden-xs pf-c-table__sort,30
col-sm-3 col-xs-6,42
col-sm-3 col-xs-6 co-break-word,42
col-sm-3 hidden-xs,84
co-sysevent-stream__timeline co-sysevent-stream__timeline--empty,230
cos-status-box co-sysevent-stream__status-box-empty,307
co-text-deploymentconfig,63
co-text-buildconfig,30
co-m-resource-icon co-m-resource-apimanager co-m-resource-icon--lg,5
co-m-page__body co-m-apps.3scale.net~v1alpha1~APIManager,5
co-m-resource-icon co-m-resource-config co-m-resource-icon--lg,2
co-m-page__body co-m-operator.tekton.dev~v1alpha1~Config,2
mtk12,19
co-m-pane__body-group silence-form,1
row monitoring-grid-head text-secondary text-uppercase,1
col-xs-5,1
row form-group,1
col-xs-10,1
col-xs-6 pairs-list__name-field,1
col-xs-6 pairs-list__value-field,1
col-xs-12 col-sm-12,1
co-no-bold,1
col-xs-2 pairs-list__action,1
pf-c-button pf-m-link pf-m-link--align-left,419
co-m-resource-icon co-m-resource-silence co-m-resource-icon--lg,2
col-xs-9,4
co-m-resource-icon co-m-resource-alertrule co-m-resource-icon--lg,3
monitoring-heading,3
co-pre-wrap monitoring-query,3
query-browser__wrapper,3
pf-c-form-control query-browser__span-text,3
pf-c-dropdown__toggle dropdown-button--icon-only,3
pf-c-button pf-m-tertiary query-browser__inline-control,3
graph-wrapper graph-wrapper--query-browser,3
query-browser__zoom,3
pf-c-chart query-browser__graph-container,3
col-sm-2 col-xs-3 co-truncate,3
co-m-nav-title co-m-nav-title--detail co-m-nav-title--logo co-m-nav-title--breadcrumbs,239
co-m-pane__heading co-m-pane__heading--logo,246
co-m-page__body co-m-operators.coreos.com~v1alpha1~ClusterServiceVersion,246
col-sm-9,45
co-crd-card-row,45
col-sm-3,45
co-clusterserviceversion-details__field,135
co-external-link co-break-all,107
co-break-all,201
co-text-clusterserviceversion,124
odc-pod-ring,58
pf-l-bullseye,58
pf-c-button pf-m-plain pf-m-block,116
col-xs-5 col-sm-4 col-md-3,148
col-xs-7 col-sm-5,148
col-sm-3 col-md-2 hidden-xs,341
col-md-2 hidden-xs hidden-sm,148
col-xs-5 col-sm-4 col-md-3 co-break-word,193
col-xs-7 col-sm-5 co-break-all co-select-to-copy,193
col-md-2 hidden-xs hidden-sm co-break-word,193
co-m-requirement__link co-text-node,100
col-lg-2 col-md-3 col-sm-4 col-xs-5 pf-c-table__sort,136
col-lg-2 col-md-3 col-sm-4 col-xs-7 pf-c-table__sort,136
col-lg-2 col-md-3 col-sm-4 col-xs-5,524
col-lg-2 col-md-3 col-sm-4 col-xs-7 co-break-word,371
co-m-resource-icon co-m-resource-replicaset co-m-resource-icon--lg,346
co-m-page__body co-m-ReplicaSet,346
col-md-6,164
co-m-resource-icon co-m-resource-pod co-m-resource-icon--lg,273
co-m-page__body co-m-Pod,273
co-text-pod,144
col-lg-2 col-md-3 col-sm-5 col-xs-7,60
col-lg-2 col-md-2 col-sm-3 hidden-xs,153
col-lg-1 col-md-2 hidden-sm hidden-xs,154
co-resource-item co-resource-item--inline,300
co-m-resource-icon co-m-resource-container,469
col-lg-2 col-md-3 col-sm-5 col-xs-7 co-truncate co-nowrap co-select-to-copy,93
co-m-resource-icon co-m-resource-configmap co-m-resource-icon--lg,172
co-m-page__body co-m-ConfigMap,172
co-text-serviceaccount,5
co-m-resource-icon co-m-resource-controllerconfig co-m-resource-icon--lg,2
co-m-page__body co-m-machineconfiguration.openshift.io~v1~ControllerConfig,2
co-m-resource-icon co-m-resource-clusteroperator co-m-resource-icon--lg,12
co-m-page__body co-m-config.openshift.io~v1~ClusterOperator,12
co-m-resource-icon co-m-resource-apiserver co-m-resource-icon--lg,2
co-m-page__body co-m-config.openshift.io~v1~APIServer,2
co-m-resource-icon co-m-resource-authentication co-m-resource-icon--lg,4
co-m-page__body co-m-config.openshift.io~v1~Authentication,2
co-m-resource-icon co-m-resource-build co-m-resource-icon--lg,24
co-m-page__body co-m-config.openshift.io~v1~Build,2
co-m-resource-icon co-m-resource-console co-m-resource-icon--lg,2
co-m-page__body co-m-config.openshift.io~v1~Console,2
co-m-resource-icon co-m-resource-dns co-m-resource-icon--lg,4
co-m-page__body co-m-config.openshift.io~v1~DNS,2
co-m-resource-icon co-m-resource-featuregate co-m-resource-icon--lg,2
co-m-page__body co-m-config.openshift.io~v1~FeatureGate,2
co-m-resource-icon co-m-resource-infrastructure co-m-resource-icon--lg,2
co-m-page__body co-m-config.openshift.io~v1~Infrastructure,2
co-m-resource-icon co-m-resource-ingress co-m-resource-icon--lg,2
co-m-page__body co-m-config.openshift.io~v1~Ingress,2
cos-status-box cos-status-box--loading,13
co-m-loader co-an-fade-in-out,24
co-m-loader-dot__one,29
co-m-loader-dot__two,29
co-m-loader-dot__three,29
co-m-resource-icon co-m-resource-network co-m-resource-icon--lg,4
co-m-page__body co-m-config.openshift.io~v1~Network,2
co-m-resource-icon co-m-resource-proxy co-m-resource-icon--lg,2
co-m-page__body co-m-config.openshift.io~v1~Proxy,2
co-m-resource-icon co-m-resource-scheduler co-m-resource-icon--lg,2
co-m-page__body co-m-config.openshift.io~v1~Scheduler,2
co-text-imagestream,49
col-lg-2 col-md-3 col-sm-4 col-xs-4 pf-c-table__sort,4
col-lg-2 col-md-3 col-sm-3 col-xs-3 pf-c-table__sort,4
col-lg-2 col-md-4 col-sm-5 col-xs-5 pf-c-table__sort,4
col-lg-2 hidden-md hidden-sm hidden-xs pf-c-table__sort pf-m-selected,4
col-lg-2 col-md-3 col-sm-4 col-xs-4,9
col-lg-2 col-md-3 col-sm-3 col-xs-3,9
col-lg-2 col-md-4 col-sm-5 col-xs-5,9
co-text-daemonset,21
co-m-resource-icon co-m-resource-apiserver,2
col-md-2 col-sm-3 col-xs-6 pf-c-table__sort pf-m-selected,2
co-m-resource-icon co-m-resource-alertmanager,4
co-text-alertmanager,3
co-m-resource-icon co-m-resource-authentication,4
co-m-resource-icon co-m-resource-buildconfig co-m-resource-icon--lg,24
co-m-page__body co-m-BuildConfig,24
col-lg-2 col-md-4 col-sm-4 col-xs-6,24
col-lg-6 hidden-md hidden-sm hidden-xs co-break-all,12
col-lg-2 col-md-4 col-sm-4 hidden-xs,12
co-m-resource-icon co-m-resource-deploymentconfig co-m-resource-icon--lg,55
co-m-page__body co-m-DeploymentConfig,55
co-text-configmap,39
co-m-resource-icon co-m-resource-route co-m-resource-icon--lg,25
co-m-page__body co-m-Route,25
col-md-4 col-sm-12,39
co-m-route-ingress-status,13
co-section-heading-secondary,13
co-m-resource-icon co-m-resource-imagestream co-m-resource-icon--lg,48
co-m-page__body co-m-ImageStream,48
pf-c-alert pf-m-inline pf-m-warning co-alert,2
col-md-2 col-sm-4 col-xs-4,20
col-md-3 col-sm-4 col-xs-8,20
col-md-4 col-sm-4 hidden-xs,20
col-md-2 col-sm-4 col-xs-4 co-break-word,54
col-md-3 col-sm-4 col-xs-8 co-break-all,54
col-md-4 col-sm-4 hidden-xs co-break-all,54
co-m-resource-icon co-m-resource-rolebinding co-m-resource-icon--lg,50
co-m-page__body co-m-RoleBinding,50
odc-horizontal-stacked-bars is-inline,10
odc-horizontal-stacked-bars__bars,18
odc-horizontal-stacked-bars__data-bar,114
pf-m-hidden pf-m-visible-on-lg pf-c-table__sort pf-m-selected,4
pf-c-card,55
pf-c-card__footer,54
co-text-route,18
co-m-page__body co-m-Build,22
co-text-build,24
co-m-resource-icon co-m-resource-statefulset co-m-resource-icon--lg,8
co-m-page__body co-m-StatefulSet,8
co-text-statefulset,5
co-m-resource-icon co-m-resource-replicationcontroller co-m-resource-icon--lg,45
co-m-page__body co-m-ReplicationController,45
co-text-replicationcontroller,32
co-m-resource-icon co-m-resource-daemonset co-m-resource-icon--lg,37
co-m-page__body co-m-DaemonSet,37
col-lg-6,14
co-break-word co-select-to-copy,30
co-detail-table__section col-sm-3,108
co-detail-table__section co-detail-table__section--last col-sm-6,54
co-detail-table__bracket,54
co-detail-table__breakdown,54
co-toolbar__group co-toolbar__group--left,434
co-toolbar__item,480
co-section-heading-tertiary,404
pf-c-button pf-m-link pf-m-inline co-field-level-help,276
co-field-level-help__icon,276
row pairs-list__heading,371
col-xs-1 co-empty__header,647
col-xs-5 text-secondary text-uppercase,742
row pairs-list__row,859
col-xs-1 pairs-list__action,1336
pf-c-button pf-m-plain pairs-list__action-icon,668
pairs-list__action-icon--reorder,668
col-xs-5 pairs-list__name-field,859
col-xs-5 pairs-list__value-pair-field,402
pairs-list__value-ro-field,260
pf-c-button pf-m-plain pairs-list__span-btns,668
pairs-list__side-btn pairs-list__delete-icon,668
col-xs-5 pairs-list__value-field,457
co-m-pane__body-group environment-buttons,182
value-from,249
pf-c-form environment-buttons,189
pf-c-form__group pf-m-action,140
pf-c-alert pf-m-inline pf-m-info co-alert col-md-11 col-xs-10,49
panel-body,15
co-toolbar,58
co-toolbar__group co-toolbar__group--right,61
console,13
terminal xterm enable-mouse-events focus,13
xterm-viewport,13
xterm-scroll-area,13
xterm-screen,13
xterm-helpers,13
xterm-helper-textarea,13
composition-view,13
xterm-char-measure-element,13
xterm-text-layer,13
xterm-selection-layer,13
xterm-link-layer,13
xterm-cursor-layer,13
co-m-resource-icon co-m-resource-container co-m-resource-icon--lg,82
col-lg-4,492
resource-log,43
pf-c-button pf-m-plain co-toggle-play fa co-toggle-play--active,23
co-action-divider hidden-xs,43
log-window,43
log-window__header,43
log-window__body,43
log-window__scroll-pane,43
log-window__contents,43
log-window__contents__text,43
co-text-rolebinding,38
co-m-resource-icon co-m-resource-role co-m-resource-icon--lg,48
co-m-page__body co-m-Role,48
col-lg-3 hidden-md hidden-sm hidden-xs pf-c-table__sort,2
col-lg-3 hidden-md hidden-sm hidden-xs,2
col-lg-4 col-md-4 col-sm-4 hidden-xs pf-c-table__sort,6
col-lg-4 col-md-4 col-sm-4 hidden-xs,21
co-text-job,3
co-text-horizontalpodautoscaler,11
co-m-resource-icon co-m-resource-console,1
co-m-resource-icon co-m-resource-featuregate,1
co-m-resource-icon co-m-resource-network,6
co-m-resource-icon co-m-resource-proxy,1
co-m-resource-icon co-m-resource-scheduler,1
co-m-resource-icon co-m-resource-endpoints co-m-resource-icon--lg,6
co-m-page__body co-m-core~v1~Endpoints,6
co-text-endpoints,12
co-m-resource-icon co-m-resource-pipeline co-m-resource-icon--lg,23
co-m-page__body co-m-tekton.dev~v1alpha1~Pipeline,23
odc-pipeline-visualization,8
odc-pipeline-vis-task,13
odc-pipeline-vis-task__connector,13
odc-pipeline-vis-task__content,13
odc-pipeline-vis-task__title-wrapper is-text-center,5
odc-pipeline-vis-task__title,13
co-m-resource-icon co-m-resource-servicemonitor,11
pf-c-alert pf-m-inline pf-m-info co-alert co-create-route__alert,10
co-m-resource-icon co-m-resource-alertmanager co-m-resource-icon--lg,2
co-m-page__body co-m-monitoring.coreos.com~v1~Alertmanager,2
co-m-page__body co-m-operator.openshift.io~v1~Authentication,2
co-m-resource-icon co-m-resource-imagestreamtag co-m-resource-icon--lg,115
co-m-page__body co-m-ImageStreamTag,115
value-from value-from--key,113
co-m-resource-icon co-m-resource-pipelinerun co-m-resource-icon--lg,13
co-m-page__body co-m-tekton.dev~v1alpha1~PipelineRun,13
odc-pipeline-vis-task__title-wrapper,8
odc-horizontal-stacked-bars,8
odc-pipeline-vis-task__status,8
co-text-pipelinerun,3
odc-pipeline-run-logs,9
odc-pipeline-run-logs__tasklist,9
pf-c-nav,5
pf-c-nav__list odc-pipeline-run-logs__nav,5
pf-c-nav__item odc-pipeline-run-logs__navitem,30
odc-pipeline-run-logs__namespan,30
odc-pipeline-run-logs__container,9
co-toolbar odc-pipeline-task-logs__toolbar,5
odc-pipeline-task-logs__container,5
odc-pipeline-task-logs__taskName,5
odc-pipeline-task-logs__step,10
odc-pipeline-task-logs__stepname,10
co-m-resource-icon co-m-resource-pipelineresource co-m-resource-icon--lg,8
co-m-page__body co-m-tekton.dev~v1alpha1~PipelineResource,8
co-m-resource-icon co-m-resource-task co-m-resource-icon--lg,3
co-m-page__body co-m-tekton.dev~v1alpha1~Task,3
co-m-resource-icon co-m-resource-taskrun co-m-resource-icon--lg,4
co-m-page__body co-m-tekton.dev~v1alpha1~TaskRun,4
co-text-taskrun,8
co-images-stream-tag-timeline,28
co-images-stream-tag-timeline__item-row,116
co-images-stream-tag-timeline__circle-icon,58
co-images-stream-tag-timeline__timestamp,58
co-images-stream-tag-timeline__line,58
co-images-stream-tag-timeline__info,58
co-images-stream-tag-timeline__square-icon,28
co-create-operand__header,42
co-create-operand__header-buttons,42
co-create-operand__header-text,42
co-operand-details co-m-pane,9
col-sm-6 col-md-4,3
olm-descriptor,44
olm-descriptor__title,44
olm-descriptor__value,44
graph-wrapper--gauge,3
co-operand-details__section co-operand-details__section--info,9
co-m-resource-icon co-m-resource-etcdcluster co-m-resource-icon--lg,7
co-m-page__body co-m-etcd.database.coreos.com~v1beta2~EtcdCluster,7
co-spec-descriptor--resource-requirements,3
co-m-resource-icon co-m-resource-nexus co-m-resource-icon--lg,11
co-m-page__body co-m-apps.m88i.io~v1alpha1~Nexus,11
co-m-resource-icon co-m-resource-kogitoapp co-m-resource-icon--lg,5
co-m-page__body co-m-app.kiegroup.org~v1alpha1~KogitoApp,5
co-text-imagestreamtag,55
co-text-secret,7
pf-c-button pf-m-plain co-toggle-play fa co-toggle-play--inactive,1
pf-c-button pf-m-primary pf-m-block,1
co-m-page__body co-m-operator.openshift.io~v1~DNS,2
co-m-resource-icon co-m-resource-catalogsource co-m-resource-icon--lg,4
co-m-page__body co-m-operators.coreos.com~v1alpha1~CatalogSource,4
co-text-catalogsource,12
co-m-resource-icon co-m-resource-installplan co-m-resource-icon--lg,31
co-m-page__body co-m-operators.coreos.com~v1alpha1~InstallPlan,31
co-m-resource-icon co-m-resource-storageoscluster co-m-resource-icon--lg,2
co-m-page__body co-m-storageos.com~v1~StorageOSCluster,2
co-m-resource-icon co-m-resource-cronjob co-m-resource-icon--lg,3
co-m-page__body co-m-CronJob,3
co-m-resource-icon co-m-resource-job co-m-resource-icon--lg,4
co-m-page__body co-m-Job,4
co-m-route-tls-reveal__title,5
odc-pipeline-run-logs__nav,4
odc-pipeline-run-logs__log,4
slide-entering slide-appear-active,4
skeleton-detail-view,8
skeleton-detail-view--head,8
skeleton-detail-view--grid,8
skeleton-detail-view--column,16
skeleton-detail-view--tile skeleton-detail-view--tile-plain,32
skeleton-detail-view--tile skeleton-detail-view--tile-resource,24
skeleton-detail-view--tile skeleton-detail-view--tile-labels,8
co-m-pane__filter-bar-group co-m-pane__filter-bar-group--badge,6
co-m-pane__form,9
pf-c-alert pf-m-inline pf-m-info co-alert,1
co-copy-to-clipboard__stacktrace-width-height,66
col-lg-4 col-md-4 col-sm-4 col-xs-6 pf-c-table__sort pf-m-selected,4
col-lg-4 col-md-4 col-sm-4 col-xs-6,19
co-m-loader co-an-fade-in-out co-m-loader--inline,5
text-center cos-error-title,2
list-unstyled,64
co-m-resource-icon co-m-resource-subscription co-m-resource-icon--lg,24
co-m-page__body co-m-operators.coreos.com~v1alpha1~Subscription,24
co-m-resource-icon co-m-resource-storageclass co-m-resource-icon--lg,2
co-m-page__body co-m-StorageClass,2
co-m-resource-icon co-m-resource-application,3
co-m-resource-icon co-m-resource-appproject,3
co-m-resource-icon co-m-resource-argocdexport,1
co-m-resource-icon co-m-resource-argocd,1
co-m-nav-title co-m-nav-title--detail co-m-nav-title--logo,7
co-spec-descriptor--switch,6
pf-c-switch__label pf-m-on,6
pf-c-switch__label pf-m-off,6
co-m-resource-icon co-m-resource-mutatingwebhookconfiguration,2
co-m-resource-icon co-m-resource-buildtemplates,1
co-m-resource-icon co-m-resource-clusterbuildtemplates,1
co-m-resource-icon co-m-resource-podsecuritypolicy,1
co-m-resource-icon co-m-resource-securitycontextconstraints,2
co-m-resource-icon co-m-resource-poddisruptionbudget co-m-resource-icon--lg,2
co-m-page__body co-m-policy~v1beta1~PodDisruptionBudget,2
co-text-packagemanifest,216
pf-c-notification-drawer__list-item pf-m-hoverable pf-m-danger,3953
co-m-resource-icon co-m-resource-prometheus,4
loading-skeleton--table,1
co-m-resource-icon co-m-resource-podmonitor,1
co-m-resource-icon co-m-resource-prometheusrule,2
co-m-resource-icon co-m-resource-grafanadashboards,1
co-m-resource-icon co-m-resource-packagemanifest co-m-resource-icon--lg,11
co-m-page__body co-m-packages.operators.coreos.com~v1~PackageManifest,11
co-m-resource-icon co-m-resource-prometheus co-m-resource-icon--lg,2
co-m-page__body co-m-monitoring.coreos.com~v1~Prometheus,2
co-text-prometheus,2
co-m-page__body co-m-operator.openshift.io~v1~Network,2
co-m-resource-icon co-m-resource-componentstatus,1
co-m-resource-icon co-m-resource-podtemplate,1
co-m-resource-icon co-m-resource-elasticsearch,4
co-m-resource-icon co-m-resource-kiali,4
co-m-resource-icon co-m-resource-monitoringdashboard,5
col-lg-3 col-md-3 col-sm-4 col-xs-6 pf-c-table__sort,1
col-lg-3 col-md-4 col-sm-4 hidden-xs pf-c-table__sort,1
col-lg-1 col-md-2 hidden-sm hidden-xs pf-c-table__sort,1
col-lg-3 col-md-4 col-sm-4 hidden-xs,1
co-m-resource-icon co-m-resource-knativeserving,16
co-m-resource-icon co-m-resource-servicemeshmemberroll,2
co-m-resource-icon co-m-resource-servicemeshcontrolplane,1
co-m-resource-icon co-m-resource-jaeger,3
co-m-resource-icon co-m-resource-clusteringresses,1
co-m-resource-icon co-m-resource-clusteringresses/finalizers,1
co-m-resource-icon co-m-resource-clusteringresses/status,1
co-m-resource-icon co-m-resource-validatingwebhookconfiguration,1
co-m-resource-icon co-m-resource-clusterissuer,1
co-m-resource-icon co-m-resource-clusternetwork,1
co-m-resource-icon co-m-resource-netnamespace,1
co-m-resource-icon co-m-resource-networkattachmentdefinition,1
co-m-resource-icon co-m-resource-oauthclient,1
co-m-resource-icon co-m-resource-adapter,1
co-m-resource-icon co-m-resource-apikey,1
co-m-resource-icon co-m-resource-authorization,1
co-m-resource-icon co-m-resource-bypass,1
co-m-resource-icon co-m-resource-checknothing,1
co-m-resource-icon co-m-resource-circonus,1
co-m-resource-icon co-m-resource-cloudwatch,1
co-m-resource-icon co-m-resource-denier,1
co-m-resource-icon co-m-resource-dogstatsd,1
co-m-resource-icon co-m-resource-edge,1
co-m-resource-icon co-m-resource-fluentd,1
co-m-resource-icon co-m-resource-handler,1
co-m-resource-icon co-m-resource-instance,1
co-m-resource-icon co-m-resource-kubernetesenv,1
co-m-resource-icon co-m-resource-kubernetes,1
co-m-resource-icon co-m-resource-listchecker,1
co-m-resource-icon co-m-resource-listentry,1
co-m-resource-icon co-m-resource-logentry,1
co-m-resource-icon co-m-resource-memquota,1
co-m-resource-icon co-m-resource-noop,1
co-m-resource-icon co-m-resource-opa,1
co-m-resource-icon co-m-resource-quota,1
co-m-resource-icon co-m-resource-quotaspecbinding,1
co-m-resource-icon co-m-resource-quotaspec,1
co-m-resource-icon co-m-resource-rbac,1
co-m-resource-icon co-m-resource-redisquota,1
co-m-resource-icon co-m-resource-reportnothing,1
co-m-resource-icon co-m-resource-rule,1
co-m-resource-icon co-m-resource-signalfx,1
co-m-resource-icon co-m-resource-solarwinds,1
co-m-resource-icon co-m-resource-stackdriver,1
co-m-resource-icon co-m-resource-statsd,1
co-m-resource-icon co-m-resource-stdio,1
co-m-resource-icon co-m-resource-tracespan,1
co-m-resource-icon co-m-resource-zipkin,1
co-m-resource-icon co-m-resource-destinationrule,1
co-m-resource-icon co-m-resource-gateway,1
co-m-resource-icon co-m-resource-serviceentry,1
co-m-resource-icon co-m-resource-sidecar,1
co-m-resource-icon co-m-resource-virtualservice,1
co-m-resource-icon co-m-resource-meshpolicies,1
co-m-resource-icon co-m-resource-policy,1
co-m-resource-icon co-m-resource-clusterrbacconfigs,1
co-m-resource-icon co-m-resource-rbacconfig,1
co-m-resource-icon co-m-resource-servicerolebinding,1
co-m-resource-icon co-m-resource-servicerole,1
co-m-resource-icon co-m-resource-servicemeshpolicy,1
co-m-resource-icon co-m-resource-servicemeshrbacconfig,1
co-m-resource-icon co-m-resource-knativeserving co-m-resource-icon--lg,2
co-m-page__body co-m-operator.knative.dev~v1alpha1~KnativeServing,2
co-m-resource-icon co-m-resource-broker,2
co-m-resource-icon co-m-resource-channel,2
co-m-resource-icon co-m-resource-parallel,4
co-m-resource-icon co-m-resource-sequence,4
co-m-resource-icon co-m-resource-inmemorychannel,2